Standardized_reaction,Model1AM_prob,Model2AM_prob,Model3BM_prob,Model4BM_prob,pred_prob,ERFC_pred_label
C[C@@H]1O[C@@H](O[C@H]2[C@H](O[C@H]3[C@H](O[C@H]4O[C@@H](C)[C@@H](O)[C@@H](O)[C@@H]4O)[C@@H](O)[C@H](O)O[C@@H]3CO)O[C@H](CO)[C@H](Oc3ccc(O)cc3)[C@@H]2O)[C@@H](O)[C@H](O)[C@@H]1O>>C[C@@H]1O[C@@H](O[C@H]2[C@H](O[C@H]3[C@H](O[C@H]4O[C@@H](C)[C@@H](O)[C@@H](O)[C@@H]4O)[C@@H](O)[C@H](O)O[C@@H]3CO)O[C@H](CO)[C@H](O)[C@@H]2O)[C@@H](O)[C@H](O)[C@@H]1O,0.006465303,0.00012249223,0.0121595244854688,7.037631439743564e-05,0.004704424007466559,0
C[C@H](NC(=O)OC(C)(C)C)C(=O)N[C@@H](C)C(=O)N1CCC[C@H]1C(=O)N[C@@H](CC(=O)O)C(=O)Nc1ccc([N+](=O)[O-])cc1>>Nc1ccc([N+](=O)[O-])cc1,0.99988174,0.9999442,0.9768320918083192,0.9999228715896606,0.9941452258494949,1
C[C@@H]1O[C@H](O)[C@@H](O)[C@H](OC2OC(CO)C(OC3OC(CO)C(O)C(O)C3O)C(O)C2O)[C@@H]1O>>C[C@@H]1O[C@H](O)[C@@H](O)[C@H](O)[C@@H]1O,0.30790466,0.7783313,0.009694742038846,0.7236589789390564,0.4548974202444756,0
CCCCCCCCCCCCCCCC(=O)OC[C@H](COP(=O)(O)O)OC(=O)CCCCCCCCCc1ccc2ccc3cccc4ccc1c2c34>>O=C(O)CCCCCCCCCc1ccc2ccc3cccc4ccc1c2c34,0.9778217,0.89878243,0.9549900889396667,0.9998693466186525,0.9578658913895798,1
O=c1c(O)c(-c2ccccc2)oc2cc(O)cc(O)c12>>O=C1c2c(O)cc(O)cc2O[C@H](c2ccccc2)[C@H]1O,0.9688626,0.9963599,0.9941573143005372,0.998494029045105,0.9894684608364105,1
O=C(CO)N[C@H]1[C@H]([C@@H](O)[C@@H](O)CO)O[C@@](OC[C@H]2OC(O)[C@H](OC3OC(C(=O)O)C(O)C(O)C3OC3OC(C(=O)O)C(O)C(O)C3O)[C@@H](O)[C@H]2O)(C(=O)O)C[C@@H]1O>>O=C(CO)N[C@H]1[C@H]([C@@H](O)[C@@H](O)CO)O[C@@](OC[C@H]2OC(O)[C@H](O)[C@@H](O)[C@H]2O)(C(=O)O)C[C@@H]1O,0.018997068,0.64978945,0.0064024715684354,0.9998589754104614,0.41876199124472424,0
NC(N)=NOCC[C@H](N)C(=O)O>>N[C@@H](CCO)C(=O)O,0.84867007,0.37082702,0.9738612174987792,0.9614951610565186,0.7887133671388245,1
CC(=O)N[C@H]1[C@@H](O[C@H]2[C@@H](O)[C@@H](CO)O[C@H](Oc3ccc([N+](=O)[O-])cc3)[C@@H]2NC(=O)CC(=O)C(C)=CC(=O)O)O[C@H](CO)[C@@H](O)[C@@H]1O>>CC(=O)N[C@H]1[C@@H](O[C@H]2[C@@H](O)[C@@H](CO)O[C@H](Oc3ccc([N+](=O)[O-])cc3)[C@@H]2NC(C)=O)O[C@H](CO)[C@@H](O)[C@@H]1O,0.022259338,0.00014257983,0.0103363245725631,0.0002590727817732,0.008249328796084076,0
CSCC[C@H](NC(=O)[C@H](CC(C)C)NC(=O)CCC(=O)O)C(=O)Nc1ccc2c(C)cc(=O)oc2c1.O>>CSCC[C@H](NC(=O)[C@H](CC(C)C)NC(=O)CCC(=O)O)C(=O)O,0.99472237,0.9997577,0.9793276190757751,0.999853253364563,0.9934152356100845,1
